feature,mean absolute SHAP value
num__EXT_SOURCE_2,0.04729506343167359
num__EXT_SOURCE_3,0.04388862178031297
num__EXT_SOURCE_1,0.019668699533174214
num__DAYS_BIRTH,0.0158483516786202
num__DAYS_EMPLOYED,0.012625250181761465
num__DAYS_ID_PUBLISH,0.011891301316586106
num__DAYS_LAST_PHONE_CHANGE,0.01144287742897049
num__AMT_GOODS_PRICE,0.011366420162419016
cat__CODE_GENDER_F,0.009987377828565088
cat__NAME_EDUCATION_TYPE_Higher education,0.009881873238762301
cat__CODE_GENDER_M,0.009361812887661868
cat__NAME_EDUCATION_TYPE_Secondary / secondary special,0.009294706210279105
num__AMT_ANNUITY,0.008634652241501627
num__AMT_CREDIT,0.00744436433915634
num__DAYS_REGISTRATION,0.00652696002658584
cat__NAME_INCOME_TYPE_Working,0.006081621729149637
num__FLAG_DOCUMENT_3,0.004869588437135057
[identifier excluded],0.004646774725359997
num__REGION_RATING_CLIENT_W_CITY,0.004045678692997245
num__AMT_INCOME_TOTAL,0.004000873511935955
num__REGION_POPULATION_RELATIVE,0.003913524528618218
num__OWN_CAR_AGE,0.0038993629470187923
cat__FLAG_OWN_CAR_N,0.0038234775959955815
cat__FLAG_OWN_CAR_Y,0.0036525525651011008
num__HOUR_APPR_PROCESS_START,0.0036509610808895167
cat__NAME_INCOME_TYPE_Pensioner,0.0035294273138045127
num__REGION_RATING_CLIENT,0.003164115912809023
num__LIVINGAREA_AVG,0.0030579449542551544
num__DEF_30_CNT_SOCIAL_CIRCLE,0.0030472476103585826
num__FLAG_EMP_PHONE,0.0030457040928315218
num__TOTALAREA_MODE,0.0028964943775208374
num__REG_CITY_NOT_WORK_CITY,0.0028875234592588956
cat__ORGANIZATION_TYPE_XNA,0.0027705570871407012
num__AMT_REQ_CREDIT_BUREAU_YEAR,0.0026682937869788553
cat__NAME_CONTRACT_TYPE_Cash loans,0.002635900003072679
cat__NAME_CONTRACT_TYPE_Revolving loans,0.002470638344982451
num__LIVINGAREA_MEDI,0.0021820717626972533
num__OBS_30_CNT_SOCIAL_CIRCLE,0.0021788813358858353
num__DEF_60_CNT_SOCIAL_CIRCLE,0.0021540473346937745
num__OBS_60_CNT_SOCIAL_CIRCLE,0.002089612701141518
num__LIVINGAREA_MODE,0.0019032327638607886
num__YEARS_BEGINEXPLUATATION_MEDI,0.00180303208962153
num__YEARS_BEGINEXPLUATATION_AVG,0.00178560584827783
cat__OCCUPATION_TYPE_Laborers,0.0017741611706479346
num__REG_CITY_NOT_LIVE_CITY,0.0017619329831126177
cat__OCCUPATION_TYPE_Core staff,0.0017569641390340364
num__YEARS_BEGINEXPLUATATION_MODE,0.001742368678252412
cat__NAME_FAMILY_STATUS_Married,0.0017186106650698156
cat__NAME_FAMILY_STATUS_Single / not married,0.0016983250313153608
num__ELEVATORS_AVG,0.0016849777839313624
num__FLAG_WORK_PHONE,0.0016397977371734218
num__APARTMENTS_AVG,0.0016095148241628352
num__LANDAREA_MODE,0.0015804985860870461
num__FLAG_PHONE,0.0015747929227953722
num__APARTMENTS_MEDI,0.001568394971788911
cat__NAME_INCOME_TYPE_State servant,0.0015122586577675681
num__BASEMENTAREA_MODE,0.001494326971733328
num__LANDAREA_AVG,0.00148651214253
num__LANDAREA_MEDI,0.001475747447263131
num__BASEMENTAREA_MEDI,0.0014725037223339468
num__CNT_FAM_MEMBERS,0.0014593319718049788
num__BASEMENTAREA_AVG,0.0014330941236323815
num__APARTMENTS_MODE,0.0014078662699592442
num__NONLIVINGAREA_MEDI,0.0013362990389297778
num__FLOORSMAX_AVG,0.0013037326986604335
num__NONLIVINGAREA_AVG,0.0013030180168204257
num__FLOORSMAX_MEDI,0.0012701497292020856
cat__ORGANIZATION_TYPE_Business Entity Type 3,0.0012680219502974048
num__NONLIVINGAREA_MODE,0.0011946040005195683
num__ELEVATORS_MEDI,0.0010840097810811218
cat__FLAG_OWN_REALTY_N,0.0010616811565705307
cat__NAME_HOUSING_TYPE_House / apartment,0.0010550102635871318
num__AMT_REQ_CREDIT_BUREAU_QRT,0.0010434158909208794
cat__WEEKDAY_APPR_PROCESS_START_WEDNESDAY,0.001008045250294296
num__COMMONAREA_AVG,0.0009815021992834556
cat__FLAG_OWN_REALTY_Y,0.0009711966460278204
num__CNT_CHILDREN,0.0009633634514404939
num__YEARS_BUILD_MEDI,0.0009594915581950431
num__COMMONAREA_MODE,0.0009333864531206299
num__LIVINGAPARTMENTS_MEDI,0.0009271032578713764
num__YEARS_BUILD_MODE,0.0009220051500978395
num__COMMONAREA_MEDI,0.0009119099109358272
num__YEARS_BUILD_AVG,0.0009015629323733157
cat__ORGANIZATION_TYPE_Self-employed,0.000889947062856493
num__ENTRANCES_AVG,0.0008529169531847285
num__LIVINGAPARTMENTS_AVG,0.000851225380501593
num__LIVINGAPARTMENTS_MODE,0.0008343037930214036
num__FLOORSMAX_MODE,0.000818155348223258
cat__NAME_INCOME_TYPE_Commercial associate,0.0008037701302777185
num__ELEVATORS_MODE,0.0007878338461779836
cat__WEEKDAY_APPR_PROCESS_START_TUESDAY,0.0007395620377581584
num__ENTRANCES_MEDI,0.0007244674397778165
num__ENTRANCES_MODE,0.0007089616917462932
cat__NAME_TYPE_SUITE_Unaccompanied,0.000695901528389117
num__AMT_REQ_CREDIT_BUREAU_MON,0.000674206832915823
cat__WEEKDAY_APPR_PROCESS_START_MONDAY,0.0005770285431484388
cat__OCCUPATION_TYPE_Drivers,0.0005644727891948568
cat__OCCUPATION_TYPE_Sales staff,0.0005616947221688288
cat__OCCUPATION_TYPE_Managers,0.0005447510007629512
cat__WEEKDAY_APPR_PROCESS_START_FRIDAY,0.000534910293026199
cat__WEEKDAY_APPR_PROCESS_START_THURSDAY,0.0005297236846904535
cat__NAME_TYPE_SUITE_Family,0.000499675283432035
cat__WEEKDAY_APPR_PROCESS_START_SATURDAY,0.0004718380651874932
num__FLOORSMIN_AVG,0.0004622148184547424
num__LIVE_CITY_NOT_WORK_CITY,0.0004551380341767844
cat__NAME_HOUSING_TYPE_With parents,0.0004440778995036997
num__FLOORSMIN_MEDI,0.00042886149859615904
num__NONLIVINGAPARTMENTS_AVG,0.0004274974096302228
cat__ORGANIZATION_TYPE_Government,0.00041402806999926424
cat__WALLSMATERIAL_MODE_Panel,0.00040289587702190314
num__NONLIVINGAPARTMENTS_MODE,0.0003876884121721866
cat__NAME_FAMILY_STATUS_Civil marriage,0.0003784660671891742
num__FLAG_DOCUMENT_6,0.00036324747447123186
"cat__WALLSMATERIAL_MODE_Stone, brick",0.0003609601541530241
num__FLOORSMIN_MODE,0.0003570339536182336
num__NONLIVINGAPARTMENTS_MEDI,0.000343814263188072
cat__NAME_FAMILY_STATUS_Widow,0.0003001452608826722
cat__ORGANIZATION_TYPE_Construction,0.0002970043289994254
cat__ORGANIZATION_TYPE_Business Entity Type 2,0.0002806738468001729
cat__NAME_FAMILY_STATUS_Separated,0.00027759529163840803
num__FLAG_DOCUMENT_8,0.00027344078575114005
num__FLAG_EMAIL,0.0002386573087015467
cat__WEEKDAY_APPR_PROCESS_START_SUNDAY,0.0002203979001750105
cat__OCCUPATION_TYPE_High skill tech staff,0.00019984041904685498
cat__OCCUPATION_TYPE_Accountants,0.00018910895598369854
cat__ORGANIZATION_TYPE_Other,0.00018537275963598197
cat__NAME_HOUSING_TYPE_Municipal apartment,0.00017351973327894434
cat__ORGANIZATION_TYPE_School,0.00015702568485141444
cat__FONDKAPREMONT_MODE_reg oper account,0.00015436026011629052
cat__NAME_EDUCATION_TYPE_Incomplete higher,0.00015307012441277736
cat__OCCUPATION_TYPE_Low-skill Laborers,0.00014727533017376085
num__REG_REGION_NOT_WORK_REGION,0.0001369462429350846
cat__OCCUPATION_TYPE_Medicine staff,0.00013668003472730873
num__LIVE_REGION_NOT_WORK_REGION,0.0001357686548532428
cat__ORGANIZATION_TYPE_Medicine,0.00013018307365348256
cat__NAME_HOUSING_TYPE_Rented apartment,0.00012155974609803179
cat__OCCUPATION_TYPE_Cleaning staff,0.00011674221385147047
cat__ORGANIZATION_TYPE_Kindergarten,0.00010485063658384234
num__AMT_REQ_CREDIT_BUREAU_WEEK,0.00010086749447426741
"cat__NAME_TYPE_SUITE_Spouse, partner",8.42396815442495e-05
cat__NAME_EDUCATION_TYPE_Lower secondary,8.407533842003594e-05
cat__FONDKAPREMONT_MODE_reg oper spec account,8.281708288932773e-05
cat__ORGANIZATION_TYPE_Transport: type 3,7.817353319136809e-05
cat__WALLSMATERIAL_MODE_Block,7.636848322724758e-05
cat__ORGANIZATION_TYPE_Trade: type 7,7.153635947522869e-05
cat__OCCUPATION_TYPE_Security staff,6.994293923740048e-05
num__REG_REGION_NOT_LIVE_REGION,6.120526521671034e-05
cat__ORGANIZATION_TYPE_Business Entity Type 1,6.0418265266078576e-05
cat__ORGANIZATION_TYPE_Transport: type 4,5.982734136715444e-05
cat__NAME_TYPE_SUITE_Children,4.6438985511512415e-05
cat__OCCUPATION_TYPE_Cooking staff,4.608963467896467e-05
cat__HOUSETYPE_MODE_block of flats,4.114812151059855e-05
cat__ORGANIZATION_TYPE_Police,4.001588541714353e-05
cat__WALLSMATERIAL_MODE_Wooden,3.776549225755418e-05
cat__ORGANIZATION_TYPE_Military,3.6869571751944863e-05
cat__ORGANIZATION_TYPE_Trade: type 2,3.671883226138525e-05
num__FLAG_DOCUMENT_16,3.671037705939903e-05
cat__ORGANIZATION_TYPE_Transport: type 2,3.600037331600141e-05
cat__ORGANIZATION_TYPE_Agriculture,3.585574291784951e-05
cat__NAME_HOUSING_TYPE_Office apartment,3.3820190591647755e-05
cat__OCCUPATION_TYPE_Private service staff,3.174306776322967e-05
num__FLAG_DOCUMENT_5,3.073368482174812e-05
cat__ORGANIZATION_TYPE_Industry: type 3,3.069394987753589e-05
num__AMT_REQ_CREDIT_BUREAU_DAY,3.0019418013285456e-05
cat__EMERGENCYSTATE_MODE_No,2.9981372392228622e-05
cat__FONDKAPREMONT_MODE_org spec account,2.793392552646662e-05
cat__HOUSETYPE_MODE_specific housing,2.6618319861371674e-05
cat__FONDKAPREMONT_MODE_not specified,2.392283784148398e-05
cat__ORGANIZATION_TYPE_Security,2.1447816282694053e-05
cat__EMERGENCYSTATE_MODE_Yes,2.0668389303173343e-05
cat__NAME_TYPE_SUITE_Other_B,1.825211547812331e-05
cat__ORGANIZATION_TYPE_Trade: type 3,1.6791966875493032e-05
cat__ORGANIZATION_TYPE_Industry: type 9,1.3485358375392935e-05
num__FLAG_DOCUMENT_13,1.3105619812370107e-05
cat__ORGANIZATION_TYPE_Postal,1.3027978709181162e-05
cat__ORGANIZATION_TYPE_Housing,1.2162707842678406e-05
num__FLAG_DOCUMENT_18,1.160963876564313e-05
cat__ORGANIZATION_TYPE_Restaurant,9.879552209933355e-06
cat__ORGANIZATION_TYPE_Bank,9.446576453851198e-06
num__FLAG_DOCUMENT_11,8.803124010216257e-06
cat__ORGANIZATION_TYPE_Security Ministries,8.385886710897077e-06
cat__ORGANIZATION_TYPE_Hotel,8.00028435230949e-06
num__AMT_REQ_CREDIT_BUREAU_HOUR,7.74889411733173e-06
cat__WALLSMATERIAL_MODE_Mixed,7.614019894707443e-06
cat__ORGANIZATION_TYPE_University,7.320624350738869e-06
cat__ORGANIZATION_TYPE_Industry: type 11,7.2635101084834905e-06
cat__OCCUPATION_TYPE_Secretaries,5.844694307812352e-06
cat__ORGANIZATION_TYPE_Services,5.707340034515873e-06
cat__ORGANIZATION_TYPE_Industry: type 1,4.93954441059675e-06
cat__ORGANIZATION_TYPE_Trade: type 6,3.5935685335472454e-06
cat__WALLSMATERIAL_MODE_Monolithic,3.271481993027178e-06
cat__ORGANIZATION_TYPE_Electricity,3.0108045509825064e-06
cat__WALLSMATERIAL_MODE_Others,2.7993287127418624e-06
cat__HOUSETYPE_MODE_terraced house,2.103085725035067e-06
cat__OCCUPATION_TYPE_HR staff,2.098705686254348e-06
cat__OCCUPATION_TYPE_Waiters/barmen staff,2.0920470208693065e-06
num__FLAG_DOCUMENT_14,2.0566844266773407e-06
cat__NAME_TYPE_SUITE_Other_A,1.9066098288517026e-06
cat__NAME_HOUSING_TYPE_Co-op apartment,1.852678624488215e-06
cat__ORGANIZATION_TYPE_Industry: type 7,1.6408367327708966e-06
num__FLAG_CONT_MOBILE,1.1375740478606366e-06
cat__OCCUPATION_TYPE_Realty agents,1.0968880736346071e-06
num__FLAG_DOCUMENT_9,8.63522405697741e-07
cat__ORGANIZATION_TYPE_Mobile,7.778531130163583e-07
cat__ORGANIZATION_TYPE_Telecom,7.285741250335468e-07
cat__ORGANIZATION_TYPE_Advertising,7.237679575949339e-07
cat__ORGANIZATION_TYPE_Industry: type 4,6.67555609004685e-07
cat__ORGANIZATION_TYPE_Industry: type 10,2.2827077216349114e-07
num__FLAG_DOCUMENT_15,0.0
num__FLAG_MOBIL,0.0
num__FLAG_DOCUMENT_2,0.0
num__FLAG_DOCUMENT_4,0.0
num__FLAG_DOCUMENT_7,0.0
cat__NAME_TYPE_SUITE_Group of people,0.0
cat__CODE_GENDER_XNA,0.0
num__FLAG_DOCUMENT_10,0.0
num__FLAG_DOCUMENT_12,0.0
num__FLAG_DOCUMENT_19,0.0
num__FLAG_DOCUMENT_17,0.0
num__FLAG_DOCUMENT_21,0.0
num__FLAG_DOCUMENT_20,0.0
cat__NAME_EDUCATION_TYPE_Academic degree,0.0
cat__ORGANIZATION_TYPE_Cleaning,0.0
cat__OCCUPATION_TYPE_IT staff,0.0
cat__NAME_INCOME_TYPE_Maternity leave,0.0
cat__NAME_INCOME_TYPE_Businessman,0.0
cat__NAME_INCOME_TYPE_Unemployed,0.0
cat__NAME_INCOME_TYPE_Student,0.0
cat__NAME_FAMILY_STATUS_Unknown,0.0
cat__ORGANIZATION_TYPE_Culture,0.0
cat__ORGANIZATION_TYPE_Realtor,0.0
cat__ORGANIZATION_TYPE_Legal Services,0.0
cat__ORGANIZATION_TYPE_Religion,0.0
cat__ORGANIZATION_TYPE_Industry: type 13,0.0
cat__ORGANIZATION_TYPE_Industry: type 5,0.0
cat__ORGANIZATION_TYPE_Industry: type 6,0.0
cat__ORGANIZATION_TYPE_Industry: type 8,0.0
cat__ORGANIZATION_TYPE_Industry: type 12,0.0
cat__ORGANIZATION_TYPE_Emergency,0.0
cat__ORGANIZATION_TYPE_Industry: type 2,0.0
cat__ORGANIZATION_TYPE_Insurance,0.0
cat__ORGANIZATION_TYPE_Transport: type 1,0.0
cat__ORGANIZATION_TYPE_Trade: type 1,0.0
cat__ORGANIZATION_TYPE_Trade: type 4,0.0
cat__ORGANIZATION_TYPE_Trade: type 5,0.0
