feature,feature value,SHAP value,contribution direction
num__EXT_SOURCE_2,0.41853158088690695,-0.030573300475532042,decreases predicted default risk
cat__NAME_EDUCATION_TYPE_Higher education,1.0,-0.02120334691606379,decreases predicted default risk
cat__NAME_EDUCATION_TYPE_Secondary / secondary special,0.0,-0.01883569111985844,decreases predicted default risk
num__AMT_GOODS_PRICE,0.4058238274313469,-0.015987430284137464,decreases predicted default risk
num__DEF_60_CNT_SOCIAL_CIRCLE,-0.27478719718343664,0.013037028229357246,increases predicted default risk
num__DAYS_LAST_PHONE_CHANGE,0.6466837519702414,-0.012845275081893448,decreases predicted default risk
cat__CODE_GENDER_M,1.0,0.012428984302389463,increases predicted default risk
num__DEF_30_CNT_SOCIAL_CIRCLE,-0.3196958110490211,0.012206160991486442,increases predicted default risk
num__EXT_SOURCE_3,-0.50416886596858,-0.011536455277368149,decreases predicted default risk
num__DAYS_EMPLOYED,-0.4514142831111011,0.011270680871284989,increases predicted default risk
num__DAYS_ID_PUBLISH,-0.9334191872475449,0.010177279515994285,increases predicted default risk
num__AMT_INCOME_TOTAL,-0.04384142746037546,-0.009993618881642382,decreases predicted default risk
num__AMT_CREDIT,0.42449256894096027,-0.009844020461699113,decreases predicted default risk
cat__CODE_GENDER_F,0.0,0.008687962092574776,increases predicted default risk
cat__NAME_INCOME_TYPE_Working,1.0,-0.007653717566061755,decreases predicted default risk
cat__FLAG_OWN_CAR_N,0.0,-0.0066620524674705014,decreases predicted default risk
cat__FLAG_OWN_CAR_Y,1.0,-0.006125158351396495,decreases predicted default risk
num__AMT_REQ_CREDIT_BUREAU_MON,-0.26913581432232603,-0.005826568086624035,decreases predicted default risk
num__NONLIVINGAREA_MODE,-0.2390609711524782,-0.00554124915953048,decreases predicted default risk
num__EXT_SOURCE_1,0.011860751931943669,0.004752670124719245,increases predicted default risk
num__LIVINGAREA_MEDI,-0.20816592439561388,-0.004509882037025794,decreases predicted default risk
num__DAYS_BIRTH,0.5784086088753815,-0.003992052030892819,decreases predicted default risk
num__YEARS_BUILD_MEDI,0.013106653687673784,-0.0037807961826396112,decreases predicted default risk
num__BASEMENTAREA_AVG,-0.09397666927867288,-0.003698471387860418,decreases predicted default risk
num__NONLIVINGAREA_MEDI,-0.2325097989606919,-0.0034768883950098426,decreases predicted default risk
num__REG_CITY_NOT_WORK_CITY,-0.548148500302017,-0.0033284368875421727,decreases predicted default risk
num__LANDAREA_MEDI,-0.141036560793049,-0.0032368148964480405,decreases predicted default risk
num__LANDAREA_AVG,-0.14012255847192995,-0.003220243545354713,decreases predicted default risk
num__YEARS_BEGINEXPLUATATION_MODE,0.05064609077244184,-0.003166265299365387,decreases predicted default risk
num__YEARS_BUILD_MODE,0.026296305174521736,-0.0031240919406734526,decreases predicted default risk
num__APARTMENTS_MEDI,-0.19239571810929756,-0.003103851828042247,decreases predicted default risk
num__YEARS_BEGINEXPLUATATION_AVG,0.047147730499208305,-0.0030064253521532355,decreases predicted default risk
cat__OCCUPATION_TYPE_Laborers,1.0,0.002864813275692906,increases predicted default risk
num__LIVINGAREA_AVG,-0.20631347438448272,-0.0027537738019426947,decreases predicted default risk
num__FLAG_DOCUMENT_3,-1.5664023596130268,0.0026338425286676886,increases predicted default risk
num__LIVINGAREA_MODE,-0.20334804689181368,-0.002415967117463047,decreases predicted default risk
cat__NAME_FAMILY_STATUS_Married,1.0,-0.0023434324373603505,decreases predicted default risk
num__REGION_POPULATION_RELATIVE,-0.774242360137702,-0.0023055086697866805,decreases predicted default risk
num__TOTALAREA_MODE,-0.2213734126633698,0.0023014530802526437,increases predicted default risk
num__OBS_60_CNT_SOCIAL_CIRCLE,-0.16720760289920952,0.0021758879116762814,increases predicted default risk
num__COMMONAREA_AVG,-0.165050121285641,-0.002046669386174822,decreases predicted default risk
num__REGION_RATING_CLIENT_W_CITY,-0.06259967105777514,-0.001923315384537449,decreases predicted default risk
num__AMT_ANNUITY,0.24575453541933806,0.0018623385484171284,increases predicted default risk
num__LANDAREA_MODE,-0.1462798915451668,-0.0018020342911740722,decreases predicted default risk
cat__NAME_FAMILY_STATUS_Single / not married,0.0,-0.0017348544017664045,decreases predicted default risk
num__LIVINGAPARTMENTS_AVG,-0.14915724280613207,-0.001668482143358905,decreases predicted default risk
num__CNT_FAM_MEMBERS,0.9336215815678155,-0.0016532289101382606,decreases predicted default risk
num__APARTMENTS_AVG,-0.19003491632307148,-0.0015613748251316587,decreases predicted default risk
num__APARTMENTS_MODE,-0.19286411653685498,-0.0013596600544505716,decreases predicted default risk
num__ENTRANCES_MODE,-0.05157685615855726,-0.0013583186192483228,decreases predicted default risk
num__YEARS_BEGINEXPLUATATION_MEDI,0.04648272490327233,-0.0013337866289423695,decreases predicted default risk
num__COMMONAREA_MODE,-0.16790465669144528,-0.001308833735763731,decreases predicted default risk
num__LIVINGAPARTMENTS_MODE,-0.1593276459268567,-0.001285903206152433,decreases predicted default risk
cat__ORGANIZATION_TYPE_Business Entity Type 3,0.0,0.0012767707487568837,increases predicted default risk
num__FLAG_WORK_PHONE,-0.4995007284560408,-0.0012683448354857913,decreases predicted default risk
num__YEARS_BUILD_AVG,0.01291327046606877,-0.0012656740767460247,decreases predicted default risk
"cat__WALLSMATERIAL_MODE_Stone, brick",0.0,-0.0011885367773718852,decreases predicted default risk
cat__ORGANIZATION_TYPE_XNA,0.0,0.0011629328201572715,increases predicted default risk
num__FLAG_EMP_PHONE,0.46769889807085346,0.0010990137238996165,increases predicted default risk
num__FLOORSMIN_MODE,-0.06789951213205672,-0.0010901348965768783,decreases predicted default risk
num__CNT_CHILDREN,0.8111074275670395,-0.0010822265322333584,decreases predicted default risk
cat__NAME_INCOME_TYPE_Pensioner,0.0,0.0010428465827402372,increases predicted default risk
cat__NAME_INCOME_TYPE_Commercial associate,0.0,-0.0010333156476331669,decreases predicted default risk
cat__NAME_CONTRACT_TYPE_Revolving loans,0.0,0.0010291955770326054,increases predicted default risk
num__OBS_30_CNT_SOCIAL_CIRCLE,-0.17271278585016503,0.001023089715726646,increases predicted default risk
num__NONLIVINGAREA_AVG,-0.23123278056528054,-0.0009218081477100306,decreases predicted default risk
num__REG_CITY_NOT_LIVE_CITY,-0.29064786973006385,-0.000918020337856821,decreases predicted default risk
cat__NAME_HOUSING_TYPE_House / apartment,1.0,-0.0009006656873791299,decreases predicted default risk
cat__NAME_CONTRACT_TYPE_Cash loans,1.0,0.0008999671158485033,increases predicted default risk
num__NONLIVINGAPARTMENTS_AVG,-0.10070831197846888,-0.0008073267011575502,decreases predicted default risk
num__HOUR_APPR_PROCESS_START,1.512951910578953,-0.0008022066757830793,decreases predicted default risk
cat__WALLSMATERIAL_MODE_Panel,1.0,-0.0007954611576945256,decreases predicted default risk
num__REGION_RATING_CLIENT,-0.1027825251702723,-0.0007712934355879674,decreases predicted default risk
cat__NAME_INCOME_TYPE_State servant,0.0,0.0006680084233443694,increases predicted default risk
num__BASEMENTAREA_MEDI,-0.09451827310571317,-0.0006601872677930216,decreases predicted default risk
cat__WEEKDAY_APPR_PROCESS_START_THURSDAY,0.0,0.0006541083539159072,increases predicted default risk
num__FLOORSMAX_MODE,-0.2645038530896718,-0.0006271319510429223,decreases predicted default risk
num__ENTRANCES_AVG,-0.08362100685343668,-0.0006012873944736409,decreases predicted default risk
cat__WEEKDAY_APPR_PROCESS_START_WEDNESDAY,0.0,-0.0005359048416392733,decreases predicted default risk
[identifier excluded],1.1533691141680675,-0.0005119618815735732,decreases predicted default risk
num__FLOORSMAX_MEDI,-0.2779598168452065,0.0005090065900767165,increases predicted default risk
num__OWN_CAR_AGE,1.2634586590514623,-0.00050223684573355,decreases predicted default risk
cat__OCCUPATION_TYPE_Core staff,0.0,0.0005019674124285291,increases predicted default risk
num__ELEVATORS_MEDI,-0.3657293219658733,0.00048409713890783175,increases predicted default risk
cat__ORGANIZATION_TYPE_Self-employed,0.0,-0.0004414039798563752,decreases predicted default risk
cat__NAME_HOUSING_TYPE_With parents,0.0,-0.0004209369719781828,decreases predicted default risk
num__FLAG_DOCUMENT_8,3.35950454510678,0.0003958411697790221,increases predicted default risk
cat__ORGANIZATION_TYPE_Business Entity Type 2,0.0,-0.00037987756955964476,decreases predicted default risk
num__ELEVATORS_AVG,-0.36883399081861584,0.00036651523478877033,increases predicted default risk
num__FLOORSMIN_AVG,-0.08081693377173478,-0.0003507226354211315,decreases predicted default risk
num__NONLIVINGAPARTMENTS_MODE,-0.09537559411434071,-0.00034774571266769206,decreases predicted default risk
num__AMT_REQ_CREDIT_BUREAU_YEAR,0.1268605461209869,-0.00033387659736651583,decreases predicted default risk
num__LIVE_CITY_NOT_WORK_CITY,-0.4690925371915484,-0.00032365081489519514,decreases predicted default risk
num__ENTRANCES_MEDI,-0.0798020147926897,-0.00029627859508898625,decreases predicted default risk
cat__FLAG_OWN_REALTY_Y,1.0,-0.00027289941395502694,decreases predicted default risk
cat__NAME_TYPE_SUITE_Unaccompanied,0.0,-0.00027128407793788244,decreases predicted default risk
cat__ORGANIZATION_TYPE_Construction,0.0,-0.00025341180273287615,decreases predicted default risk
cat__ORGANIZATION_TYPE_Government,0.0,0.00024246738003481718,increases predicted default risk
cat__OCCUPATION_TYPE_Managers,0.0,0.00023726561962403214,increases predicted default risk
cat__WEEKDAY_APPR_PROCESS_START_FRIDAY,0.0,-0.0002247152574923925,decreases predicted default risk
num__NONLIVINGAPARTMENTS_MEDI,-0.09965092088461838,-0.00021814996010313052,decreases predicted default risk
cat__FLAG_OWN_REALTY_N,0.0,0.00020690727131144105,increases predicted default risk
num__FLOORSMIN_MEDI,-0.0796799589073044,-0.0001956556838075204,decreases predicted default risk
num__BASEMENTAREA_MODE,-0.09873559978136912,0.00018183686863801408,increases predicted default risk
num__FLOORSMAX_AVG,-0.2803519806169977,0.00017811209751063148,increases predicted default risk
num__FLAG_PHONE,-0.6250668443683002,-0.00016491413129577495,decreases predicted default risk
cat__OCCUPATION_TYPE_Drivers,0.0,-0.000151988618838426,decreases predicted default risk
cat__WEEKDAY_APPR_PROCESS_START_SATURDAY,0.0,0.0001436284508772899,increases predicted default risk
cat__WALLSMATERIAL_MODE_Block,0.0,-0.00014283995005835023,decreases predicted default risk
num__ELEVATORS_MODE,-0.3562060135311026,0.00013947877206336133,increases predicted default risk
cat__OCCUPATION_TYPE_Sales staff,0.0,-0.00013743976500982802,decreases predicted default risk
cat__NAME_FAMILY_STATUS_Civil marriage,0.0,-0.000120871049736581,decreases predicted default risk
cat__NAME_EDUCATION_TYPE_Lower secondary,0.0,-0.00011663571737201665,decreases predicted default risk
cat__WEEKDAY_APPR_PROCESS_START_TUESDAY,0.0,-0.00010796601020412536,decreases predicted default risk
cat__NAME_HOUSING_TYPE_Rented apartment,0.0,-8.28772415720843e-05,decreases predicted default risk
cat__NAME_HOUSING_TYPE_Municipal apartment,0.0,-8.032193098281029e-05,decreases predicted default risk
num__LIVE_REGION_NOT_WORK_REGION,-0.2072233291551069,-7.705700909133598e-05,decreases predicted default risk
cat__OCCUPATION_TYPE_Accountants,0.0,7.233219666679018e-05,increases predicted default risk
num__FLAG_DOCUMENT_6,-0.3100817242515496,-7.130602324030459e-05,decreases predicted default risk
cat__OCCUPATION_TYPE_Low-skill Laborers,0.0,-7.062744871539408e-05,decreases predicted default risk
cat__NAME_FAMILY_STATUS_Separated,0.0,-6.919421629849298e-05,decreases predicted default risk
cat__FONDKAPREMONT_MODE_org spec account,0.0,-6.481868795014756e-05,decreases predicted default risk
num__LIVINGAPARTMENTS_MEDI,-0.15138362150227103,-6.374273110332538e-05,decreases predicted default risk
cat__ORGANIZATION_TYPE_Industry: type 3,0.0,-6.258839195332195e-05,decreases predicted default risk
cat__FONDKAPREMONT_MODE_reg oper spec account,0.0,-6.243676878107309e-05,decreases predicted default risk
cat__ORGANIZATION_TYPE_School,0.0,6.063645373539431e-05,increases predicted default risk
cat__OCCUPATION_TYPE_High skill tech staff,0.0,-5.939728500160413e-05,decreases predicted default risk
num__AMT_REQ_CREDIT_BUREAU_QRT,1.3378890400752403,-5.921832286260953e-05,decreases predicted default risk
cat__ORGANIZATION_TYPE_Transport: type 3,0.0,-5.4471129578594966e-05,decreases predicted default risk
cat__OCCUPATION_TYPE_Medicine staff,0.0,4.98280059223624e-05,increases predicted default risk
cat__ORGANIZATION_TYPE_Business Entity Type 1,0.0,-4.658268459686042e-05,decreases predicted default risk
cat__FONDKAPREMONT_MODE_reg oper account,1.0,-4.374870944621443e-05,decreases predicted default risk
cat__WEEKDAY_APPR_PROCESS_START_MONDAY,1.0,-4.253997995633826e-05,decreases predicted default risk
cat__HOUSETYPE_MODE_block of flats,1.0,-4.234497096160271e-05,decreases predicted default risk
cat__ORGANIZATION_TYPE_Other,0.0,-4.126631178255204e-05,decreases predicted default risk
cat__ORGANIZATION_TYPE_Police,0.0,3.994478601282838e-05,increases predicted default risk
num__COMMONAREA_MEDI,-0.1660648516405443,3.394422952212994e-05,increases predicted default risk
cat__NAME_TYPE_SUITE_Children,0.0,-3.203506424323381e-05,decreases predicted default risk
cat__NAME_HOUSING_TYPE_Office apartment,0.0,-2.8301229236851736e-05,decreases predicted default risk
num__AMT_REQ_CREDIT_BUREAU_WEEK,-0.15489343589663268,-2.8298920715474787e-05,decreases predicted default risk
num__FLAG_EMAIL,-0.24524734647138677,-2.5957989143839795e-05,decreases predicted default risk
cat__ORGANIZATION_TYPE_Kindergarten,0.0,2.57347458817114e-05,increases predicted default risk
num__FLAG_DOCUMENT_5,-0.12387593564032036,-2.4508986245263046e-05,decreases predicted default risk
num__REG_REGION_NOT_LIVE_REGION,-0.12348632445047805,2.2513358101177603e-05,increases predicted default risk
cat__ORGANIZATION_TYPE_Trade: type 3,0.0,-2.134806007635816e-05,decreases predicted default risk
cat__ORGANIZATION_TYPE_Trade: type 7,0.0,-2.0207961522161836e-05,decreases predicted default risk
cat__OCCUPATION_TYPE_Cleaning staff,0.0,1.6223331835323983e-05,increases predicted default risk
cat__ORGANIZATION_TYPE_Agriculture,0.0,-1.5795105022220846e-05,decreases predicted default risk
cat__NAME_EDUCATION_TYPE_Incomplete higher,0.0,-1.3876359919457642e-05,decreases predicted default risk
cat__ORGANIZATION_TYPE_Military,0.0,1.3663692787421175e-05,increases predicted default risk
cat__ORGANIZATION_TYPE_Industry: type 9,0.0,1.3087153068592215e-05,increases predicted default risk
cat__ORGANIZATION_TYPE_Trade: type 2,0.0,1.2354561571321667e-05,increases predicted default risk
num__FLAG_DOCUMENT_18,-0.09057988892391391,1.1904387911019593e-05,increases predicted default risk
cat__NAME_TYPE_SUITE_Family,1.0,-1.1829482731110534e-05,decreases predicted default risk
cat__FONDKAPREMONT_MODE_not specified,0.0,1.1586766283576616e-05,increases predicted default risk
cat__OCCUPATION_TYPE_Security staff,0.0,1.1462385714872224e-05,increases predicted default risk
num__DAYS_REGISTRATION,0.5996751258044203,-1.1089865145893375e-05,decreases predicted default risk
cat__EMERGENCYSTATE_MODE_No,1.0,-1.1082761450831172e-05,decreases predicted default risk
num__FLAG_DOCUMENT_16,-0.10060524802741164,1.07617716462719e-05,increases predicted default risk
cat__ORGANIZATION_TYPE_Housing,0.0,-9.8560942038813e-06,decreases predicted default risk
cat__ORGANIZATION_TYPE_Medicine,0.0,9.25580389342864e-06,increases predicted default risk
cat__ORGANIZATION_TYPE_Transport: type 4,1.0,9.07753527387063e-06,increases predicted default risk
"cat__NAME_TYPE_SUITE_Spouse, partner",0.0,-9.030452525252682e-06,decreases predicted default risk
cat__ORGANIZATION_TYPE_Trade: type 6,0.0,-8.178752382971186e-06,decreases predicted default risk
cat__ORGANIZATION_TYPE_Transport: type 2,0.0,7.984052167285676e-06,increases predicted default risk
cat__OCCUPATION_TYPE_Cooking staff,0.0,-7.747254915513334e-06,decreases predicted default risk
cat__EMERGENCYSTATE_MODE_Yes,0.0,-6.536884432213667e-06,decreases predicted default risk
cat__NAME_FAMILY_STATUS_Widow,0.0,-5.74981413472692e-06,decreases predicted default risk
cat__ORGANIZATION_TYPE_Postal,0.0,5.694928498263682e-06,increases predicted default risk
cat__WALLSMATERIAL_MODE_Mixed,0.0,5.464939584943882e-06,increases predicted default risk
num__AMT_REQ_CREDIT_BUREAU_DAY,-0.057891430859702636,-5.292740208051576e-06,decreases predicted default risk
cat__ORGANIZATION_TYPE_Bank,0.0,5.249606984942782e-06,increases predicted default risk
cat__WEEKDAY_APPR_PROCESS_START_SUNDAY,0.0,-4.828362771774886e-06,decreases predicted default risk
num__REG_REGION_NOT_WORK_REGION,-0.23218630558025183,-4.793630794835813e-06,decreases predicted default risk
cat__HOUSETYPE_MODE_specific housing,0.0,-4.743849670162918e-06,decreases predicted default risk
num__FLAG_DOCUMENT_11,-0.06229550376548804,4.310422724690406e-06,increases predicted default risk
cat__ORGANIZATION_TYPE_Industry: type 1,0.0,-4.145243048066843e-06,decreases predicted default risk
cat__ORGANIZATION_TYPE_Security,0.0,3.85156441040011e-06,increases predicted default risk
cat__OCCUPATION_TYPE_Secretaries,0.0,-3.7863192561379563e-06,decreases predicted default risk
cat__ORGANIZATION_TYPE_Restaurant,0.0,3.7017745149993874e-06,increases predicted default risk
num__FLAG_DOCUMENT_13,-0.05825358874515986,3.295711488533834e-06,increases predicted default risk
cat__OCCUPATION_TYPE_HR staff,0.0,-3.1005159913571623e-06,decreases predicted default risk
cat__ORGANIZATION_TYPE_University,0.0,-3.0962345141786017e-06,decreases predicted default risk
cat__ORGANIZATION_TYPE_Services,0.0,1.9597755888418968e-06,increases predicted default risk
cat__ORGANIZATION_TYPE_Electricity,0.0,-1.8898028294321777e-06,decreases predicted default risk
num__AMT_REQ_CREDIT_BUREAU_HOUR,-0.07048614745644435,-1.7387005613777413e-06,decreases predicted default risk
cat__NAME_TYPE_SUITE_Other_B,0.0,-1.6858136155972018e-06,decreases predicted default risk
cat__ORGANIZATION_TYPE_Hotel,0.0,1.65150420625174e-06,increases predicted default risk
cat__NAME_HOUSING_TYPE_Co-op apartment,0.0,1.6384911660940977e-06,increases predicted default risk
cat__ORGANIZATION_TYPE_Security Ministries,0.0,1.4736076363360653e-06,increases predicted default risk
cat__WALLSMATERIAL_MODE_Wooden,0.0,1.4552686417957234e-06,increases predicted default risk
cat__ORGANIZATION_TYPE_Advertising,0.0,1.3981009104195938e-06,increases predicted default risk
num__FLAG_DOCUMENT_9,-0.0621638478511603,1.301585784866004e-06,increases predicted default risk
num__FLAG_DOCUMENT_14,-0.054404581136543874,1.210354592816269e-06,increases predicted default risk
cat__ORGANIZATION_TYPE_Industry: type 11,0.0,9.790961595711694e-07,increases predicted default risk
cat__OCCUPATION_TYPE_Private service staff,0.0,6.83790083423905e-07,increases predicted default risk
cat__WALLSMATERIAL_MODE_Others,0.0,6.113635606694237e-07,increases predicted default risk
cat__WALLSMATERIAL_MODE_Monolithic,0.0,-4.858413840594476e-07,decreases predicted default risk
cat__HOUSETYPE_MODE_terraced house,0.0,3.8861083511829153e-07,increases predicted default risk
cat__OCCUPATION_TYPE_Waiters/barmen staff,0.0,3.4494859574782873e-07,increases predicted default risk
cat__OCCUPATION_TYPE_Realty agents,0.0,-3.1929684120926773e-07,decreases predicted default risk
cat__NAME_TYPE_SUITE_Other_A,0.0,-3.1189137015960395e-07,decreases predicted default risk
cat__ORGANIZATION_TYPE_Industry: type 4,0.0,2.9293189427162515e-07,increases predicted default risk
cat__ORGANIZATION_TYPE_Mobile,0.0,2.3544994097911974e-07,increases predicted default risk
cat__ORGANIZATION_TYPE_Industry: type 10,0.0,2.3239102661519836e-07,increases predicted default risk
cat__ORGANIZATION_TYPE_Industry: type 7,0.0,2.313053014130327e-07,increases predicted default risk
num__FLAG_CONT_MOBILE,0.04337650494642582,-2.2049044384516935e-07,decreases predicted default risk
cat__ORGANIZATION_TYPE_Telecom,0.0,1.6254291015133558e-07,increases predicted default risk
num__FLAG_DOCUMENT_15,-0.03464949750708748,0.0,increases predicted default risk
num__FLAG_MOBIL,0.0020161659112891005,0.0,increases predicted default risk
num__FLAG_DOCUMENT_2,-0.00668700175500597,0.0,increases predicted default risk
num__FLAG_DOCUMENT_4,-0.009457060016818139,0.0,increases predicted default risk
num__FLAG_DOCUMENT_7,-0.01367555334545125,0.0,increases predicted default risk
cat__NAME_TYPE_SUITE_Group of people,0.0,0.0,increases predicted default risk
cat__CODE_GENDER_XNA,0.0,0.0,increases predicted default risk
num__FLAG_DOCUMENT_10,-0.00403235640947538,0.0,increases predicted default risk
num__FLAG_DOCUMENT_12,-0.002016165911280483,0.0,increases predicted default risk
num__FLAG_DOCUMENT_19,-0.024700369913863054,0.0,increases predicted default risk
num__FLAG_DOCUMENT_17,-0.015748679788325084,0.0,increases predicted default risk
num__FLAG_DOCUMENT_21,-0.01792291617936326,0.0,increases predicted default risk
num__FLAG_DOCUMENT_20,-0.022456688134952853,0.0,increases predicted default risk
cat__NAME_EDUCATION_TYPE_Academic degree,0.0,0.0,increases predicted default risk
cat__ORGANIZATION_TYPE_Cleaning,0.0,0.0,increases predicted default risk
cat__OCCUPATION_TYPE_IT staff,0.0,0.0,increases predicted default risk
cat__NAME_INCOME_TYPE_Maternity leave,0.0,0.0,increases predicted default risk
cat__NAME_INCOME_TYPE_Businessman,0.0,0.0,increases predicted default risk
cat__NAME_INCOME_TYPE_Unemployed,0.0,0.0,increases predicted default risk
cat__NAME_INCOME_TYPE_Student,0.0,0.0,increases predicted default risk
cat__NAME_FAMILY_STATUS_Unknown,0.0,0.0,increases predicted default risk
cat__ORGANIZATION_TYPE_Culture,0.0,0.0,increases predicted default risk
cat__ORGANIZATION_TYPE_Realtor,0.0,0.0,increases predicted default risk
cat__ORGANIZATION_TYPE_Legal Services,0.0,0.0,increases predicted default risk
cat__ORGANIZATION_TYPE_Religion,0.0,0.0,increases predicted default risk
cat__ORGANIZATION_TYPE_Industry: type 13,0.0,0.0,increases predicted default risk
cat__ORGANIZATION_TYPE_Industry: type 5,0.0,0.0,increases predicted default risk
cat__ORGANIZATION_TYPE_Industry: type 6,0.0,0.0,increases predicted default risk
cat__ORGANIZATION_TYPE_Industry: type 8,0.0,0.0,increases predicted default risk
cat__ORGANIZATION_TYPE_Industry: type 12,0.0,0.0,increases predicted default risk
cat__ORGANIZATION_TYPE_Emergency,0.0,0.0,increases predicted default risk
cat__ORGANIZATION_TYPE_Industry: type 2,0.0,0.0,increases predicted default risk
cat__ORGANIZATION_TYPE_Insurance,0.0,0.0,increases predicted default risk
cat__ORGANIZATION_TYPE_Transport: type 1,0.0,0.0,increases predicted default risk
cat__ORGANIZATION_TYPE_Trade: type 1,0.0,0.0,increases predicted default risk
cat__ORGANIZATION_TYPE_Trade: type 4,0.0,0.0,increases predicted default risk
cat__ORGANIZATION_TYPE_Trade: type 5,0.0,0.0,increases predicted default risk
