feature,importance
num__EXT_SOURCE_3,0.08337367333231557
num__EXT_SOURCE_2,0.08144783704820475
num__EXT_SOURCE_1,0.03875881019759154
num__DAYS_BIRTH,0.03727940497297952
num__DAYS_EMPLOYED,0.03349014586914559
num__DAYS_ID_PUBLISH,0.031974361913298444
num__AMT_ANNUITY,0.03016599613931617
num__DAYS_LAST_PHONE_CHANGE,0.03015445165397439
num__AMT_CREDIT,0.029471297400069738
num__DAYS_REGISTRATION,0.028382827440138297
num__AMT_GOODS_PRICE,0.028334583073549698
num__SK_ID_CURR,0.025713108973650926
num__REGION_POPULATION_RELATIVE,0.02217929529985007
num__AMT_INCOME_TOTAL,0.020030677124397586
num__HOUR_APPR_PROCESS_START,0.016536596414277783
num__AMT_REQ_CREDIT_BUREAU_YEAR,0.011367159814216467
num__OWN_CAR_AGE,0.010928579317070369
num__TOTALAREA_MODE,0.010663266538419163
num__LIVINGAREA_AVG,0.010189970215521925
num__OBS_30_CNT_SOCIAL_CIRCLE,0.009887499663969741
num__LIVINGAREA_MEDI,0.009710455958675894
num__OBS_60_CNT_SOCIAL_CIRCLE,0.009673544740333962
num__LIVINGAREA_MODE,0.009428038157746996
num__YEARS_BEGINEXPLUATATION_MEDI,0.008557126416248523
num__YEARS_BEGINEXPLUATATION_AVG,0.008509030865056753
num__YEARS_BEGINEXPLUATATION_MODE,0.00849645517256826
cat__NAME_EDUCATION_TYPE_Higher education,0.008232710800902278
num__APARTMENTS_AVG,0.00806951117370599
num__APARTMENTS_MEDI,0.007851913124609132
num__LANDAREA_MODE,0.007588812153320597
num__APARTMENTS_MODE,0.007491233642589439
num__LANDAREA_MEDI,0.0074137321859120775
cat__NAME_EDUCATION_TYPE_Secondary / secondary special,0.007344247693308012
num__BASEMENTAREA_AVG,0.0073241971658710115
num__BASEMENTAREA_MEDI,0.007305885213218826
num__LANDAREA_AVG,0.007280738301316584
num__BASEMENTAREA_MODE,0.007144365562346243
cat__CODE_GENDER_F,0.006485876531154247
num__NONLIVINGAREA_AVG,0.006452835760893953
cat__CODE_GENDER_M,0.00643116614547577
num__CNT_FAM_MEMBERS,0.006408541009028267
num__NONLIVINGAREA_MEDI,0.006134313871370696
num__NONLIVINGAREA_MODE,0.005989047210974421
cat__NAME_INCOME_TYPE_Working,0.005504173912222619
num__COMMONAREA_AVG,0.0054235354627292336
num__COMMONAREA_MODE,0.0053394983016145986
num__COMMONAREA_MEDI,0.005255956123233245
num__YEARS_BUILD_MEDI,0.00500008905800795
num__YEARS_BUILD_AVG,0.0049488622884831185
num__REGION_RATING_CLIENT_W_CITY,0.004935065027071534
num__LIVINGAPARTMENTS_MEDI,0.004891833612993412
num__FLAG_DOCUMENT_3,0.004846975438692445
num__LIVINGAPARTMENTS_MODE,0.004821194827696697
num__YEARS_BUILD_MODE,0.004820460030745026
num__LIVINGAPARTMENTS_AVG,0.0047459297732488715
num__CNT_CHILDREN,0.004436401391016898
num__REGION_RATING_CLIENT,0.004246647799204169
num__ENTRANCES_AVG,0.004192859423456252
cat__FLAG_OWN_CAR_N,0.003957608873284468
cat__FLAG_OWN_CAR_Y,0.003945946799947972
cat__OCCUPATION_TYPE_Laborers,0.0038411353641249727
cat__NAME_FAMILY_STATUS_Married,0.003782533943544797
num__ENTRANCES_MEDI,0.003756272497546765
num__FLAG_PHONE,0.003746529967404031
num__REG_CITY_NOT_WORK_CITY,0.003697151601993214
cat__FLAG_OWN_REALTY_Y,0.0035726846018604716
cat__FLAG_OWN_REALTY_N,0.0035406531961109876
num__ENTRANCES_MODE,0.0034926920251431358
num__FLOORSMAX_AVG,0.0032014386105442363
num__DEF_30_CNT_SOCIAL_CIRCLE,0.0031910667200492934
num__AMT_REQ_CREDIT_BUREAU_QRT,0.0031355249064853215
cat__ORGANIZATION_TYPE_Business Entity Type 3,0.003078364516626726
num__FLAG_WORK_PHONE,0.003009833667659956
cat__NAME_INCOME_TYPE_Pensioner,0.0028788482872014283
num__FLOORSMAX_MEDI,0.002860008581161083
cat__NAME_CONTRACT_TYPE_Cash loans,0.002708328009733785
num__AMT_REQ_CREDIT_BUREAU_MON,0.002657202759143564
cat__NAME_INCOME_TYPE_Commercial associate,0.002606963167479772
cat__WEEKDAY_APPR_PROCESS_START_WEDNESDAY,0.0026060532755120764
cat__NAME_TYPE_SUITE_Unaccompanied,0.0026013416458186044
cat__WEEKDAY_APPR_PROCESS_START_TUESDAY,0.0025835144505494197
num__FLAG_EMP_PHONE,0.0025787425493020957
num__ELEVATORS_AVG,0.002506236299871343
cat__NAME_CONTRACT_TYPE_Revolving loans,0.0024873741399852787
cat__OCCUPATION_TYPE_Core staff,0.0024652509857141834
num__FLOORSMAX_MODE,0.0024416244500023256
cat__WEEKDAY_APPR_PROCESS_START_THURSDAY,0.0024258395454228904
cat__NAME_FAMILY_STATUS_Single / not married,0.002397943320575695
cat__ORGANIZATION_TYPE_XNA,0.0023874104064555346
cat__WEEKDAY_APPR_PROCESS_START_FRIDAY,0.0023431268646101756
num__LIVE_CITY_NOT_WORK_CITY,0.0023128670504980373
cat__WEEKDAY_APPR_PROCESS_START_MONDAY,0.0023122759598570145
num__REG_CITY_NOT_LIVE_CITY,0.002299035088385988
cat__NAME_INCOME_TYPE_State servant,0.002262067616980772
num__DEF_60_CNT_SOCIAL_CIRCLE,0.002223663943452421
num__FLOORSMIN_AVG,0.0020369764498427787
cat__ORGANIZATION_TYPE_Self-employed,0.00203642787301988
num__FLOORSMIN_MEDI,0.0019790046053982783
cat__NAME_HOUSING_TYPE_House / apartment,0.001948842503712585
cat__NAME_TYPE_SUITE_Family,0.0019465417279055119
num__ELEVATORS_MEDI,0.0018997327199578582
num__NONLIVINGAPARTMENTS_AVG,0.0018734372124699934
num__FLOORSMIN_MODE,0.0018094457567661372
num__ELEVATORS_MODE,0.0017751703404385206
cat__WEEKDAY_APPR_PROCESS_START_SATURDAY,0.0017742099814500706
cat__OCCUPATION_TYPE_Sales staff,0.0017736143972520305
num__NONLIVINGAPARTMENTS_MEDI,0.0015181297805817323
"cat__WALLSMATERIAL_MODE_Stone, brick",0.0015021843166340184
cat__NAME_FAMILY_STATUS_Civil marriage,0.0014636672505471755
num__NONLIVINGAPARTMENTS_MODE,0.001445609322160663
cat__WALLSMATERIAL_MODE_Panel,0.0013913537158874965
cat__OCCUPATION_TYPE_Drivers,0.0011859837493860396
cat__OCCUPATION_TYPE_Managers,0.001117601895124134
num__FLAG_DOCUMENT_8,0.0011150755480169028
num__FLAG_DOCUMENT_6,0.0010437264010783034
cat__NAME_FAMILY_STATUS_Separated,0.0009768748705942928
cat__NAME_FAMILY_STATUS_Widow,0.0008863505768546761
cat__NAME_HOUSING_TYPE_With parents,0.0008811814171976455
cat__WEEKDAY_APPR_PROCESS_START_SUNDAY,0.000856590299308751
cat__ORGANIZATION_TYPE_Other,0.0008286602808122
num__FLAG_EMAIL,0.0007891478749334304
cat__ORGANIZATION_TYPE_Government,0.0007506714893249629
num__REG_REGION_NOT_WORK_REGION,0.0007151260503437206
cat__ORGANIZATION_TYPE_Medicine,0.0006410812636658725
cat__OCCUPATION_TYPE_Accountants,0.0006331113317759716
cat__FONDKAPREMONT_MODE_reg oper account,0.0006245909081179705
cat__OCCUPATION_TYPE_High skill tech staff,0.0006126750831245315
"cat__NAME_TYPE_SUITE_Spouse, partner",0.000603762983804771
cat__ORGANIZATION_TYPE_Business Entity Type 2,0.0005998978055825765
cat__NAME_EDUCATION_TYPE_Incomplete higher,0.0005912399148222828
cat__ORGANIZATION_TYPE_School,0.0005647698998739431
num__LIVE_REGION_NOT_WORK_REGION,0.0005296701424834955
cat__ORGANIZATION_TYPE_Construction,0.000493276901496731
cat__NAME_HOUSING_TYPE_Municipal apartment,0.000467937665274262
cat__OCCUPATION_TYPE_Medicine staff,0.0004438529053311497
cat__ORGANIZATION_TYPE_Trade: type 7,0.0003869430704954613
num__AMT_REQ_CREDIT_BUREAU_WEEK,0.00037178017060199
cat__FONDKAPREMONT_MODE_reg oper spec account,0.00033763983462197617
cat__NAME_HOUSING_TYPE_Rented apartment,0.0003341397234901889
cat__ORGANIZATION_TYPE_Kindergarten,0.00030265001559569093
cat__ORGANIZATION_TYPE_Business Entity Type 1,0.00029355964938753787
cat__OCCUPATION_TYPE_Security staff,0.0002842035680809195
cat__WALLSMATERIAL_MODE_Block,0.0002691469491526896
cat__OCCUPATION_TYPE_Cleaning staff,0.0002630755306995363
cat__OCCUPATION_TYPE_Cooking staff,0.00023625660199955238
num__REG_REGION_NOT_LIVE_REGION,0.00023416861836739628
cat__OCCUPATION_TYPE_Low-skill Laborers,0.00023186265221944528
cat__NAME_EDUCATION_TYPE_Lower secondary,0.0002296134725224361
cat__ORGANIZATION_TYPE_Transport: type 4,0.00021648996766925207
cat__ORGANIZATION_TYPE_Transport: type 3,0.0001305035185016612
cat__ORGANIZATION_TYPE_Industry: type 3,0.00011955599268542249
cat__NAME_HOUSING_TYPE_Office apartment,0.00011817213403717392
cat__WALLSMATERIAL_MODE_Wooden,0.00011564701822873262
cat__ORGANIZATION_TYPE_Trade: type 3,0.00011148784355269747
num__FLAG_DOCUMENT_5,0.00011034554047882866
cat__FONDKAPREMONT_MODE_org spec account,0.00011009804540576087
cat__NAME_TYPE_SUITE_Children,0.00010837946446899902
num__FLAG_DOCUMENT_16,0.00010778487017324685
cat__FONDKAPREMONT_MODE_not specified,0.00010643886064868836
cat__OCCUPATION_TYPE_Private service staff,0.0001063145820184562
cat__ORGANIZATION_TYPE_Police,9.989193216173186e-05
cat__ORGANIZATION_TYPE_Agriculture,9.413476099069916e-05
cat__ORGANIZATION_TYPE_Trade: type 2,9.317952753503306e-05
cat__ORGANIZATION_TYPE_Security,9.009027682681119e-05
cat__ORGANIZATION_TYPE_Transport: type 2,8.872669391735735e-05
cat__ORGANIZATION_TYPE_Military,8.740168978124619e-05
cat__ORGANIZATION_TYPE_Housing,8.639718364649593e-05
num__FLAG_DOCUMENT_18,8.585165938030717e-05
cat__HOUSETYPE_MODE_block of flats,8.421747918839469e-05
cat__ORGANIZATION_TYPE_Industry: type 9,8.342938264702564e-05
cat__EMERGENCYSTATE_MODE_No,7.452678487557824e-05
num__AMT_REQ_CREDIT_BUREAU_DAY,6.400265307043565e-05
cat__ORGANIZATION_TYPE_Restaurant,5.969886558544572e-05
cat__EMERGENCYSTATE_MODE_Yes,5.509541308451405e-05
cat__ORGANIZATION_TYPE_Postal,5.1447211070993146e-05
cat__HOUSETYPE_MODE_specific housing,4.0104247636523566e-05
cat__NAME_TYPE_SUITE_Other_B,3.703414976092012e-05
cat__ORGANIZATION_TYPE_Bank,3.676947876152077e-05
cat__ORGANIZATION_TYPE_Industry: type 11,2.8332187034597265e-05
cat__OCCUPATION_TYPE_Secretaries,2.8037064529806204e-05
num__AMT_REQ_CREDIT_BUREAU_HOUR,2.6365817832996433e-05
cat__ORGANIZATION_TYPE_Security Ministries,2.3063292226846724e-05
cat__ORGANIZATION_TYPE_Services,2.3000568056488912e-05
num__FLAG_DOCUMENT_11,2.078140169763717e-05
cat__WALLSMATERIAL_MODE_Mixed,1.953300202110001e-05
cat__ORGANIZATION_TYPE_University,1.9067015647927756e-05
num__FLAG_DOCUMENT_13,1.7965100027685585e-05
cat__WALLSMATERIAL_MODE_Others,1.5760042188535578e-05
cat__ORGANIZATION_TYPE_Hotel,1.4098415359965035e-05
cat__WALLSMATERIAL_MODE_Monolithic,1.3968749276576853e-05
cat__OCCUPATION_TYPE_Waiters/barmen staff,1.3748698108667114e-05
num__FLAG_DOCUMENT_14,1.3224317694782373e-05
cat__ORGANIZATION_TYPE_Electricity,1.266061564667409e-05
cat__NAME_HOUSING_TYPE_Co-op apartment,1.1049500714168702e-05
cat__ORGANIZATION_TYPE_Industry: type 1,1.0800884467744326e-05
cat__HOUSETYPE_MODE_terraced house,9.35817987430125e-06
cat__OCCUPATION_TYPE_Realty agents,7.877954605980382e-06
cat__ORGANIZATION_TYPE_Industry: type 7,7.3018822254728855e-06
cat__NAME_TYPE_SUITE_Other_A,5.307380560561613e-06
num__FLAG_DOCUMENT_9,4.192062491261303e-06
cat__ORGANIZATION_TYPE_Industry: type 4,4.067634735245515e-06
cat__ORGANIZATION_TYPE_Mobile,4.0035442568961205e-06
cat__ORGANIZATION_TYPE_Trade: type 6,3.904917020387742e-06
num__FLAG_CONT_MOBILE,2.4239535781518683e-06
cat__ORGANIZATION_TYPE_Advertising,2.163113707061476e-06
cat__ORGANIZATION_TYPE_Telecom,1.8721416360716332e-06
cat__ORGANIZATION_TYPE_Industry: type 10,1.3428247824230847e-06
cat__OCCUPATION_TYPE_HR staff,1.306021574330035e-06
num__FLAG_DOCUMENT_15,0.0
num__FLAG_MOBIL,0.0
num__FLAG_DOCUMENT_2,0.0
num__FLAG_DOCUMENT_4,0.0
num__FLAG_DOCUMENT_7,0.0
cat__NAME_TYPE_SUITE_Group of people,0.0
cat__CODE_GENDER_XNA,0.0
num__FLAG_DOCUMENT_10,0.0
num__FLAG_DOCUMENT_12,0.0
num__FLAG_DOCUMENT_19,0.0
num__FLAG_DOCUMENT_17,0.0
num__FLAG_DOCUMENT_21,0.0
num__FLAG_DOCUMENT_20,0.0
cat__NAME_EDUCATION_TYPE_Academic degree,0.0
cat__ORGANIZATION_TYPE_Cleaning,0.0
cat__OCCUPATION_TYPE_IT staff,0.0
cat__NAME_INCOME_TYPE_Maternity leave,0.0
cat__NAME_INCOME_TYPE_Businessman,0.0
cat__NAME_INCOME_TYPE_Unemployed,0.0
cat__NAME_INCOME_TYPE_Student,0.0
cat__NAME_FAMILY_STATUS_Unknown,0.0
cat__ORGANIZATION_TYPE_Culture,0.0
cat__ORGANIZATION_TYPE_Realtor,0.0
cat__ORGANIZATION_TYPE_Legal Services,0.0
cat__ORGANIZATION_TYPE_Religion,0.0
cat__ORGANIZATION_TYPE_Industry: type 13,0.0
cat__ORGANIZATION_TYPE_Industry: type 5,0.0
cat__ORGANIZATION_TYPE_Industry: type 6,0.0
cat__ORGANIZATION_TYPE_Industry: type 8,0.0
cat__ORGANIZATION_TYPE_Industry: type 12,0.0
cat__ORGANIZATION_TYPE_Emergency,0.0
cat__ORGANIZATION_TYPE_Industry: type 2,0.0
cat__ORGANIZATION_TYPE_Insurance,0.0
cat__ORGANIZATION_TYPE_Transport: type 1,0.0
cat__ORGANIZATION_TYPE_Trade: type 1,0.0
cat__ORGANIZATION_TYPE_Trade: type 4,0.0
cat__ORGANIZATION_TYPE_Trade: type 5,0.0
