Threshold,Precision,Recall,F1,Defaults Captured
0.1,0.0812134514897869,0.9985901309164149,0.1502105613960675,4958
0.2,0.09782107689084434,0.9403826787512588,0.17720846380111965,4669
0.3,0.13630424803135704,0.7774420946626385,0.23194327604855186,3860
0.4,0.18566662032531628,0.5379657603222557,0.2760580848534959,2671
0.5,0.2475355969331873,0.31863041289023164,0.2786192321239873,1582
0.6,0.3044953350296862,0.1446122860020141,0.1960944967909327,718
0.7,0.4192377495462795,0.04652567975830816,0.08375634517766498,231
0.8,0.44,0.002215508559919436,0.004408817635270541,11
0.9,0.0,0.0,0.0,0
